{
  "creds": {
    "noiseKey": {
      "private": {
        "type": "Buffer",
        "data": "cP1+OCLdP/wjzJW1BdfFEuwoDsYRbG9kIVY0u+qHxVw="
      },
      "public": {
        "type": "Buffer",
        "data": "tyKt2HnYJIhytEFI65lmS2eH/8FoC/6e+G/f8N4VrlU="
      }
    },
    "signedIdentityKey": {
      "private": {
        "type": "Buffer",
        "data": "MLfyPYsaop47saFd4E850GHD7773bWfDpSkHdS00P1A="
      },
      "public": {
        "type": "Buffer",
        "data": "AGr3LfFwC+TiJgiPaBLwTjg/2g17z80WTBS5BIHlKwI="
      }
    },
    "signedPreKey": {
      "keyPair": {
        "private": {
          "type": "Buffer",
          "data": "cPjH2FymLNmmEJrOAC2gRw32oB7BwAhBnPJH+XKUs2E="
        },
        "public": {
          "type": "Buffer",
          "data": "wCmJKMUkcMyFnZhFKJq85BBzhk0vwLd7DVTvSWqaeVQ="
        }
      },
      "signature": {
        "type": "Buffer",
        "data": "Fz6SEerTm+nFU0Ga/SXgjoRrPha2+xtTVEnsPeeakeBJinoPUSJVi62z1rKSDLQqjeKulk5GPxdr/wAEu8q4jA=="
      },
      "keyId": 1
    },
    "registrationId": 166,
    "advSecretKey": "IEWXqpKETaS8HF7G+1CjQ5mq9ym2nhGR1jDcoPzfYE8=",
    "processedHistoryMessages": [],
    "nextPreKeyId": 31,
    "firstUnuploadedPreKeyId": 31,
    "accountSettings": {
      "unarchiveChats": false
    },
    "account": {
      "details": "CKG0EhDAsbegBhgB",
      "accountSignatureKey": "w/Lb9t3oP0qM7b0pF/n0YWWFz+u/hrsvLXcY3ulx6TA=",
      "accountSignature": "ek/W5VbT2F3tNAI9WowEvApRqVchVF0mQ0pEEMONvJWNT8IUsQL4irQmfGKvP4MfWqP20hxnsz3dNOzHwt6sAw==",
      "deviceSignature": "E9RmR7CBFXCpRzTUcJzpyVA2R4rTNW3UH8dEIikhpOSoiYCF0mBeqrNSvIELrodEv3hx5c3FwvlLwq5fnfMUgg=="
    },
    "me": {
      "id": "6285798145596:3@s.whatsapp.net"
    },
    "signalIdentities": [
      {
        "identifier": {
          "name": "6285798145596:3@s.whatsapp.net",
          "deviceId": 0
        },
        "identifierKey": {
          "type": "Buffer",
          "data": "BcPy2/bd6D9KjO29KRf59GFlhc/rv4a7Ly13GN7pcekw"
        }
      }
    ],
    "platform": "android",
    "lastAccountSyncTimestamp": 1678629060
  },
  "keys": {
    "preKeys": {
      "1": {
        "private": {
          "type": "Buffer",
          "data": "2AWe6TWae2PC/FDV06in1MQ5m873WmtNT0WZ9WntLE4="
        },
        "public": {
          "type": "Buffer",
          "data": "K3KALZ2S39fP87tMgaCC2zf4wDBhWMyXe/IeWzNCXQw="
        }
      },
      "2": {
        "private": {
          "type": "Buffer",
          "data": "yL2ynY0QTNxaKy2UgBgBzvnK+nP8QuOh0q5QT6wrH0c="
        },
        "public": {
          "type": "Buffer",
          "data": "LXyL3u1j0kvsZt5J4lV8Bl1kQYM/HI2v4VrfPS+mOGQ="
        }
      },
      "3": {
        "private": {
          "type": "Buffer",
          "data": "WIEQE6ljOeHWXE1dA9Tc3kMTAluKLHxcKd46EbLJ/WQ="
        },
        "public": {
          "type": "Buffer",
          "data": "lk3PkFWJhCelZZ7sV9QAQFQBOIoltkmckZuHK5eBCWc="
        }
      },
      "4": {
        "private": {
          "type": "Buffer",
          "data": "kAMaBjH4wTzo8x8aoW5cNVDeECWYOo5F4SZT2aqtyUo="
        },
        "public": {
          "type": "Buffer",
          "data": "2DYOkU4cXgPHCVAv/MoAOLNE02uTeyvo5Of4uaa4rmA="
        }
      },
      "5": {
        "private": {
          "type": "Buffer",
          "data": "IPaVu8Zn1Xk6M5fdZX34sJtYRIiPuzMQOX4W64O2jX4="
        },
        "public": {
          "type": "Buffer",
          "data": "QY8sLKHatv5cGfKexbmF0657oMRgRKXrI2/TY/BSMhU="
        }
      },
      "6": {
        "private": {
          "type": "Buffer",
          "data": "MJl1t0yu/x3Ku2dVXbitK5QuaHWAjyXzmmu40GwJs2c="
        },
        "public": {
          "type": "Buffer",
          "data": "GMasDaYPczWelFIhJiKgCyMri6v9umPYcXGDHTeUTws="
        }
      },
      "7": {
        "private": {
          "type": "Buffer",
          "data": "KC9JeovQoqdX//JhJhwDv/Emr6adwnKogipWkAJo5X4="
        },
        "public": {
          "type": "Buffer",
          "data": "fFuLYTelGSnTRuS+v3Mrd9kXajOARLxWmqCxokv0azM="
        }
      },
      "8": {
        "private": {
          "type": "Buffer",
          "data": "GKCU2r9F442ynjjEhs/olI/PjWPL7xOc/ZbKqjAL+3g="
        },
        "public": {
          "type": "Buffer",
          "data": "3rBmlGS0dJCmhNplMWLTw+0j767f6O+PxNuHJRtK4CU="
        }
      },
      "9": {
        "private": {
          "type": "Buffer",
          "data": "gEf/W63bLTjYMORyEOc/Df8ZNOJHpTI03/RaeOmYTlg="
        },
        "public": {
          "type": "Buffer",
          "data": "CNHGyx70E2KvyO72VWoCW3InkOqzlVbSuFbcjiz++z8="
        }
      },
      "10": {
        "private": {
          "type": "Buffer",
          "data": "AORzDqKxuKNxbdBqD2Y0aZ0GehSSW/IXiaUwRgUnx2I="
        },
        "public": {
          "type": "Buffer",
          "data": "6FUIQwvarY7yRofSpqF7rcX5t5Ua22O15x3JKMtGFj4="
        }
      },
      "11": {
        "private": {
          "type": "Buffer",
          "data": "kBGLv7oAmg775f8w4NuCr9UhnBpxUytJLkCcDxIa4V0="
        },
        "public": {
          "type": "Buffer",
          "data": "5WEGoyODBwzFEiJd3d5ro972oChTpAQefolBeZg7HwQ="
        }
      },
      "12": {
        "private": {
          "type": "Buffer",
          "data": "2Nifcg+SFT507hidvWps7ZD0D8Ldb7rubBfZHREQQmo="
        },
        "public": {
          "type": "Buffer",
          "data": "5p9xyouVm9GPVtn2eT8XKI7xZ2LeTY3z48Q/3uWquBE="
        }
      },
      "13": {
        "private": {
          "type": "Buffer",
          "data": "8HQu4E314PK1hK5Q9Jyywg7+RyCsuUb3Ok2HYrhvf2w="
        },
        "public": {
          "type": "Buffer",
          "data": "DM5LisFM2GN480UoZ1FcSayGEjR6bx2SlosdndFYuXY="
        }
      },
      "14": {
        "private": {
          "type": "Buffer",
          "data": "cOOwHlOhLf3rGd5nR7HU/ysp6uxFG6fgZ14+6LNLDX4="
        },
        "public": {
          "type": "Buffer",
          "data": "HcMErBokajvfbKzUqyj3voArs0S7UXaQqh0jMAKbzys="
        }
      },
      "15": {
        "private": {
          "type": "Buffer",
          "data": "SK1w+6x7EzID7J9f08F0t/HjT3zlFNjlQ/1diqKdYWQ="
        },
        "public": {
          "type": "Buffer",
          "data": "n3RAK4fkgIX3ufRkBvlgCa75Z29DEg/0f1iUM7wP0ww="
        }
      },
      "16": {
        "private": {
          "type": "Buffer",
          "data": "UIhqv2rZiOLHAUMNfPQ992rXkiIXDepj9GJ8bUlKQXM="
        },
        "public": {
          "type": "Buffer",
          "data": "FW6Z2maMhDT3mFowhRVG0QGA8FzLtvcz9OjZwKsiLhk="
        }
      },
      "17": {
        "private": {
          "type": "Buffer",
          "data": "6Dn3+pBB30owsRdiWVxEYPZ44PSyrByzU903YvepylE="
        },
        "public": {
          "type": "Buffer",
          "data": "ZWWZ/14V5Ng5PEWetDC6KIqLFY6CaTRKKOVHjzCCx0E="
        }
      },
      "18": {
        "private": {
          "type": "Buffer",
          "data": "ABPbzETW3jCAlxKR2GQSP117LbEWUuEWE/gBMFKivlo="
        },
        "public": {
          "type": "Buffer",
          "data": "Y4apHGmS2CdnkN+Y3D46nkdB6cOmiNcOlim17XOejyQ="
        }
      },
      "19": {
        "private": {
          "type": "Buffer",
          "data": "WFee4dLZcGVkXaQPDtVtbm1+ogMVeJOYaMInUNpOCms="
        },
        "public": {
          "type": "Buffer",
          "data": "HLH98LWdumLQUbUZi7Sv3BXyJ9fJHN8HosXL574OAzw="
        }
      },
      "20": {
        "private": {
          "type": "Buffer",
          "data": "2BrZ7QL4jtcE3AGtWLCGnYy/wg+yIWGMqj9OctCUTH4="
        },
        "public": {
          "type": "Buffer",
          "data": "xoQ1oXHzQP2x+Kj79WmvLdpWs919O3vWcAeMmYQnqVY="
        }
      },
      "21": {
        "private": {
          "type": "Buffer",
          "data": "sIUyAjkuBSUKHKnSi7cG3vIvIeWLKkmvkLVBlCU1Tm8="
        },
        "public": {
          "type": "Buffer",
          "data": "oFZC8T06Us1gbVP0xNvEkRVnbQXVqseJSyLBanfyfFk="
        }
      },
      "22": {
        "private": {
          "type": "Buffer",
          "data": "0Kx81fBMy2rJzFx9TrivYgurkJzACMkBW0i4H6Z812s="
        },
        "public": {
          "type": "Buffer",
          "data": "aKfANM2TNTRoSHGc+jG/wOWZ81TZp8f2avZyTTPzK08="
        }
      },
      "23": {
        "private": {
          "type": "Buffer",
          "data": "8IVTRsJPA7MFLymJPFmqhMMzDNKu97km85nbHe8Y7Xg="
        },
        "public": {
          "type": "Buffer",
          "data": "9B8ZDq9CkUfsz1LqTudvFGlAboMtqEprjjiCefVUQmE="
        }
      },
      "24": {
        "private": {
          "type": "Buffer",
          "data": "WFBMnzTom96W6bu52oabokjWewATEuWjxnsjfAMlaFE="
        },
        "public": {
          "type": "Buffer",
          "data": "9gh5fJiNNME8rTvDd46p4lLmvPiLimZyBjGcA53U/BI="
        }
      },
      "25": {
        "private": {
          "type": "Buffer",
          "data": "yBoQi5fjPct4StrNscJkfPUaEzEDPwH+dYUSO7HFgXE="
        },
        "public": {
          "type": "Buffer",
          "data": "najnbMH4l3ATHz7bwVSMrn5kMqALdLfV7dky655eGgg="
        }
      },
      "26": {
        "private": {
          "type": "Buffer",
          "data": "2BM/KPYQDnixC00K3zS+esqPk8+kBAWl8YIk04xfiXo="
        },
        "public": {
          "type": "Buffer",
          "data": "dX6Me9cM1QFiDJS+101N5bdIIbDwS5xgSG0zjXhV9Xs="
        }
      },
      "27": {
        "private": {
          "type": "Buffer",
          "data": "4G8bM5HXoMSXAkIjNE3StLeZI/MNzef3D8kUpzGjhGo="
        },
        "public": {
          "type": "Buffer",
          "data": "6enib6BVjwl0uXqFc693KoowSQqfoCJyddmdflk25RI="
        }
      },
      "28": {
        "private": {
          "type": "Buffer",
          "data": "yJZa2NdS9ch96hf8xOneXTKNIuZM3LGpJ7Jb6RVAJ3k="
        },
        "public": {
          "type": "Buffer",
          "data": "yDR3LxPr1dqSIUrgxhW0lWhsHsDW99eXLqbYSEDnKCY="
        }
      },
      "29": {
        "private": {
          "type": "Buffer",
          "data": "YKUsziy+xoHwHYOWWRhFre0w3vzQSwU8mhvoBHr6/1k="
        },
        "public": {
          "type": "Buffer",
          "data": "fB2aW0Ho9oyNi4vc2o7ssF2Q5WsCYwNJzwa7JZA/cRk="
        }
      },
      "30": {
        "private": {
          "type": "Buffer",
          "data": "ICgaQxi+wg1w9+lsebJr9CdVrQZ3Ca27D6Ymsg9GIGw="
        },
        "public": {
          "type": "Buffer",
          "data": "VZGy83Y2ityR/l/KdLRXHj0Z7Q0icwX1T495BGe+MUA="
        }
      }
    }
  }
}